question_id,bgem3,gte,jina4,mpnetbase2,nomicv2,qwen34b
689cebda0ce990886402d170,1.0,0.4716276524567204,1.0,1.0,1.0,0.7315682114753617
689cebda0ce990886402d171,1.0,0.38685280723454163,0.0,1.0,1.0,0.8748551918782664
689cebda0ce990886402d172,1.0,0.5706417189553201,0.0,0.0,1.0,0.0
689cebda0ce990886402d173,1.0,0.0,0.9438661545147247,0.0,0.9930783166417602,0.7903864795495061
689cebda0ce990886402d177,0.5844032406765807,0.8772153153380493,0.9068250379649666,0.0,1.0,0.7141683899119816
